{"BTCUSDT_230331": {"bot_thresh": 1.0028415989709818, "top_thresh": 1.0047380786867435}}